"Name","Season","GamesPlayed","Fouls","ShootingFouls","Loose Ball Fouls","Loose Ball Fouls Drawn","Offensive Fouls","Charge Fouls","Offensive Fouls Drawn","Charge Fouls Drawn","BlockingFouls","BlockingFoulsDrawn","Clear Path Fouls","Transition Take Fouls","Transition Take Fouls Drawn","Defensive 3 Seconds Violations","FoulsDrawn"
"NOP","2016-17",82,1490,731,75,111,71,45,57,45,55,61,2,0,0,19,1578
"CHI","2016-17",82,1455,704,97,104,80,40,69,30,30,40,2,0,0,21,1541
"CLE","2016-17",82,1486,739,83,90,90,56,105,40,49,51,0,0,0,9,1688
"CHA","2015-16",82,1487,778,93,99,101,30,113,49,40,35,1,0,0,21,1665
"ATL","2015-16",82,1570,774,99,77,65,58,75,49,44,51,2,0,0,18,1500
"DAL","2016-17",82,1567,770,93,91,87,21,131,84,134,101,2,0,0,13,1590
"DEN","2016-17",82,1567,759,104,112,86,52,50,43,64,75,3,0,0,21,1651
"ATL","2004-05",82,2009,933,120,0,164,0,0,0,0,0,5,0,0,25,0
"BOS","2004-05",82,2000,1004,95,0,170,0,0,0,0,0,2,0,0,29,0
"CLE","2004-05",82,1850,854,143,0,139,0,1,0,0,0,2,0,0,13,1
"HOU","2018-19",82,1803,793,148,89,103,39,87,57,0,0,3,0,0,15,1640
"MIA","2018-19",82,1712,791,119,109,139,38,82,39,0,0,3,0,0,14,1649
"MEM","2018-19",82,1801,803,115,112,110,49,107,46,0,0,2,0,0,18,1754
"ORL","2019-20",73,1336,623,61,76,96,45,74,34,0,0,2,0,0,9,1419
"GSW","2019-20",65,1304,598,66,62,81,26,87,38,0,0,2,0,0,6,1308
"HOU","2019-20",72,1566,739,106,81,88,57,85,62,0,0,3,0,0,6,1515
"MIL","2019-20",73,1431,650,79,77,128,76,111,42,0,0,2,0,0,19,1585
"OKC","2003-04",82,1784,817,153,0,161,0,0,0,0,0,3,0,0,42,0
"TOR","2003-04",82,1748,857,83,0,165,0,0,0,0,0,1,0,0,31,0
"MEM","2003-04",82,1903,848,128,0,173,0,0,0,0,0,0,0,0,16,0
"UTA","2003-04",82,2096,899,82,0,212,0,0,0,0,0,4,0,0,37,0
"WAS","2003-04",82,1711,764,117,0,167,0,0,0,0,0,1,0,0,20,0
"DET","2003-04",82,1663,693,97,0,179,0,0,0,0,0,1,0,0,11,0
"MEM","2015-16",82,1783,841,124,108,93,36,109,47,40,30,4,0,0,18,1729
"WAS","2015-16",82,1708,794,90,123,99,34,115,58,57,63,5,0,0,22,1648
"BOS","2018-19",82,1670,811,82,122,114,46,88,55,0,0,3,0,0,11,1601
"IND","2018-19",82,1594,739,101,129,98,43,95,56,0,0,1,0,0,13,1642
"OKC","2000-01",82,1733,708,126,0,184,0,0,0,0,0,3,0,0,27,0
"CHA","2000-01",82,1753,791,151,0,199,0,0,0,0,0,5,0,0,18,0
"TOR","2000-01",82,1745,769,112,0,153,0,0,0,0,0,2,0,0,12,0
"UTA","2000-01",82,2108,810,134,0,178,0,0,0,0,0,3,0,0,32,0
"MEM","2000-01",82,1732,699,108,0,173,0,0,0,0,0,5,0,0,27,0
"WAS","2000-01",82,1913,822,121,0,239,0,0,0,0,0,1,0,0,25,0
"DET","2000-01",82,1955,797,131,0,172,0,0,0,0,0,2,0,0,29,0
"MIL","2018-19",82,1608,735,116,64,86,84,69,70,0,0,1,0,0,17,1653
"ATL","2016-17",82,1491,732,117,122,85,48,114,76,62,53,0,0,0,20,1767
"TOR","2018-19",82,1724,753,122,89,99,46,84,63,0,0,2,0,0,27,1680
"GSW","2018-19",82,1757,855,80,91,128,26,81,60,0,0,0,0,0,10,1600
"PHI","2018-19",82,1745,866,95,99,119,50,68,25,0,0,2,0,0,12,1816
"NYK","2019-20",66,1464,704,73,76,112,46,68,21,0,0,2,0,0,12,1305
"POR","2019-20",74,1606,751,112,103,116,28,107,26,0,0,2,0,0,23,1488
"DEN","2018-19",82,1644,777,93,113,88,45,69,44,0,0,2,0,0,19,1675
"MIN","2018-19",82,1664,783,125,118,100,55,96,60,0,0,1,0,0,9,1795
"ORL","2018-19",82,1526,734,73,80,79,48,105,50,0,0,1,0,0,18,1537
"NYK","2018-19",82,1713,874,94,91,90,54,98,50,0,0,5,0,0,12,1708
"SAC","2018-19",82,1751,847,94,96,81,43,163,20,0,0,1,0,0,13,1751
"LAC","2003-04",82,1816,830,99,0,191,0,0,0,0,0,5,0,0,24,0
"LAL","2003-04",82,1732,769,114,0,122,0,0,0,0,0,1,0,0,22,0
"MIA","2003-04",82,1812,808,123,0,178,0,0,0,0,0,3,0,0,29,0
"MIL","2003-04",82,1668,798,108,0,120,0,0,0,0,0,2,0,0,20,0
"MIN","2003-04",82,1731,791,117,0,152,0,0,0,0,0,3,0,0,45,0
"BKN","2003-04",82,1722,732,119,0,175,0,0,0,0,0,2,0,0,19,0
"NYK","2003-04",82,1897,894,126,0,188,0,0,0,0,0,5,0,0,35,0
"ORL","2003-04",82,1744,810,135,0,143,0,0,0,0,0,7,0,0,24,0
"ATL","2003-04",82,1825,793,104,0,158,0,0,0,0,0,1,0,0,29,0
"IND","2003-04",82,1709,739,125,0,180,0,0,0,0,0,4,0,0,21,0
"BOS","2003-04",82,1837,862,127,0,177,0,0,0,0,0,1,0,0,53,0
"CLE","2003-04",82,1743,865,114,0,160,0,0,0,0,0,4,0,0,16,0
"NOP","2003-04",82,1714,719,135,0,183,0,0,0,0,0,3,0,0,34,0
"CHI","2003-04",82,1911,832,114,0,194,0,0,0,0,0,8,0,0,32,0
"DAL","2003-04",82,1609,837,116,0,106,0,0,0,0,0,4,0,0,30,0
"DEN","2003-04",82,1804,830,120,0,185,0,0,0,0,0,3,0,0,18,0
"GSW","2003-04",82,1691,744,123,0,123,0,0,0,0,0,2,0,0,17,0
"HOU","2003-04",82,1762,800,130,0,168,0,0,0,0,0,5,0,0,29,0
"PHI","2003-04",82,1701,793,113,0,143,0,0,0,0,0,2,0,0,25,0
"PHX","2003-04",82,1862,855,102,0,193,0,0,0,0,0,1,0,0,29,0
"POR","2003-04",82,1554,656,98,0,146,0,0,0,0,0,3,0,0,22,0
"SAC","2003-04",82,1586,725,115,0,125,0,0,0,0,0,3,0,0,15,0
"SAS","2003-04",82,1667,767,139,0,147,0,0,0,0,0,1,0,0,20,0
"DET","2002-03",82,1748,760,78,0,182,0,0,0,0,0,1,0,0,21,0
"ATL","2019-20",67,1548,783,87,89,86,39,91,29,0,0,4,0,0,16,1402
"ATL","2014-15",82,1457,753,63,118,67,56,49,75,47,34,0,0,0,12,1609
"CLE","2014-15",82,1510,696,104,125,94,40,77,29,27,49,2,0,0,5,1679
"NOP","2018-19",82,1732,801,92,104,76,62,92,35,0,0,0,0,0,14,1721
"BKN","2018-19",82,1763,781,137,106,133,55,144,28,0,0,2,0,0,15,1806
"OKC","2018-19",82,1839,771,126,111,105,48,160,47,0,0,2,0,0,8,1844
"SAS","2018-19",82,1487,749,89,77,81,30,123,26,0,0,1,0,0,10,1611
"BKN","2008-09",82,1838,948,95,100,129,0,121,0,0,0,1,0,0,33,1678
"DAL","2018-19",82,1650,761,76,100,99,38,125,70,0,0,1,0,0,11,1905
"UTA","2018-19",82,1728,763,103,103,111,36,123,31,0,0,1,0,0,17,1835
"BOS","2000-01",82,1952,812,159,0,168,0,0,0,0,0,3,0,0,26,0
"HOU","2000-01",82,1657,739,124,0,166,0,0,0,0,0,6,0,0,21,0
"LAC","2000-01",82,1775,804,94,0,161,0,0,0,0,0,4,0,0,26,0
"LAL","2000-01",82,1872,817,114,0,157,0,0,0,0,0,2,0,0,18,0
"CLE","2000-01",82,1904,809,107,0,222,0,0,0,0,0,9,0,0,30,0
"CHI","2000-01",82,1902,837,121,0,168,0,0,0,0,0,5,0,0,25,0
"DAL","2000-01",82,1907,836,146,0,139,0,0,0,0,0,4,0,0,38,0
"DEN","2000-01",82,1819,782,138,0,167,0,0,0,0,0,3,0,0,18,0
"GSW","2000-01",82,1727,844,107,0,157,0,0,0,0,0,7,0,0,18,0
"ATL","2000-01",82,1862,831,92,0,171,0,0,0,0,0,5,0,0,35,0
"MIA","2000-01",82,1726,668,101,0,163,0,0,0,0,0,2,0,0,22,0
"MIL","2000-01",82,1928,858,144,0,171,0,0,0,0,0,2,0,0,42,0
"MIN","2000-01",82,1900,843,125,0,141,0,0,0,0,0,6,0,0,34,0
"BKN","2000-01",82,1982,860,125,0,179,0,0,0,0,0,2,0,0,18,0
"NYK","2000-01",82,1862,774,144,0,176,0,0,0,0,0,2,0,0,20,0
"ORL","2000-01",82,2071,988,104,0,153,0,0,0,0,0,4,0,0,56,0
"IND","2000-01",82,1926,817,132,0,269,0,0,0,0,0,2,0,0,11,0
"PHI","2000-01",82,1673,665,110,0,177,0,1,0,0,0,2,0,0,23,1
"PHX","2000-01",82,1864,790,113,0,166,0,0,0,0,0,3,0,0,32,0
"POR","2000-01",82,1745,740,100,0,175,0,0,0,0,0,6,0,0,13,0
"SAC","2000-01",82,1596,709,104,0,140,0,0,0,0,0,4,0,0,14,0
"SAS","2000-01",82,1551,700,96,0,140,0,0,0,0,0,6,0,0,25,0
"LAC","2018-19",82,1913,858,89,94,108,42,107,57,0,0,3,0,0,17,1969
"ATL","2002-03",82,1783,798,62,0,157,0,1,0,0,0,4,0,0,36,1
"BOS","2002-03",82,1758,812,141,0,159,0,0,0,0,0,4,0,0,52,0
"CLE","2002-03",82,1864,930,139,0,167,0,0,0,0,0,3,0,0,38,0
"NOP","2002-03",82,1769,778,144,0,181,0,0,0,0,0,1,0,0,33,0
"CHI","2002-03",82,2028,943,100,0,217,0,0,0,0,0,3,0,0,42,0
"DAL","2002-03",82,1730,817,178,0,103,0,0,0,0,0,3,0,0,39,0
"DEN","2002-03",82,2056,864,153,0,214,0,0,0,0,0,0,0,0,30,0
"GSW","2002-03",82,1786,826,141,0,176,0,0,0,0,0,4,0,0,36,0
"HOU","2002-03",82,1602,764,105,0,153,0,0,0,0,0,0,0,0,26,0
"LAC","2002-03",82,1784,760,105,0,184,0,0,0,0,0,2,0,0,44,0
"LAL","2002-03",82,1874,825,114,0,157,0,0,0,0,0,1,0,0,27,0
"MIA","2002-03",82,1854,801,114,0,155,0,0,0,0,0,3,0,0,43,0
"MIL","2002-03",82,1820,834,126,0,146,0,0,0,0,0,1,0,0,48,0
"TOR","2002-03",82,1761,820,101,0,175,0,0,0,0,0,1,0,0,26,0
"UTA","2002-03",82,1837,834,118,0,156,0,0,0,0,0,3,0,0,35,0
"MEM","2002-03",82,1678,773,101,0,141,0,0,0,0,0,2,0,0,28,0
"WAS","2002-03",82,1644,737,111,0,138,0,0,0,0,0,2,0,0,30,0
"MIN","2002-03",82,1704,749,134,0,147,0,0,0,0,0,2,0,0,52,0
"BKN","2002-03",82,1772,769,123,0,161,0,0,0,0,0,4,0,0,22,0
"NYK","2002-03",82,1888,866,149,0,147,0,1,0,0,0,2,0,0,30,1
"ORL","2002-03",82,1888,854,117,0,152,0,0,0,0,0,2,0,0,45,0
"IND","2002-03",82,1811,708,165,0,171,0,1,0,0,0,5,0,0,26,1
"PHI","2002-03",82,1804,776,139,0,128,0,0,0,0,0,2,0,0,39,0
"PHX","2002-03",82,1801,734,136,0,172,0,0,0,0,0,2,0,0,59,0
"POR","2002-03",82,1634,674,132,0,134,0,0,0,0,0,4,0,0,28,0
"SAC","2002-03",82,1666,825,110,0,146,0,0,0,0,0,2,0,0,27,0
"SAS","2002-03",82,1672,694,118,0,172,0,0,0,0,0,1,0,0,32,0
"OKC","2002-03",82,1711,713,131,0,195,0,0,0,0,0,4,0,0,48,0
"DET","2015-16",82,1557,738,106,88,110,47,104,70,38,26,1,0,0,15,1769
"WAS","2018-19",82,1701,816,67,107,80,52,107,57,0,0,1,0,0,12,1740
"ORL","2014-15",82,1714,781,87,85,133,58,84,30,43,49,6,0,0,22,1467
"SAS","2014-15",82,1564,749,113,74,96,41,103,49,96,89,1,0,0,5,1611
"OKC","2014-15",82,1829,770,121,125,132,57,94,31,62,56,6,0,0,24,1666
"TOR","2014-15",82,1712,765,142,100,106,51,118,73,110,78,7,0,0,15,1666
"IND","2014-15",82,1742,824,124,142,115,55,114,50,80,88,3,0,0,2,1749
"PHI","2014-15",82,1778,856,111,105,83,81,118,21,44,57,3,0,0,13,1657
"PHX","2014-15",82,1744,804,112,68,103,33,118,58,98,101,2,0,0,14,1661
"POR","2014-15",82,1494,736,93,117,81,27,106,33,40,48,5,0,0,16,1530
"SAC","2014-15",82,1696,803,146,127,104,68,79,61,55,57,3,0,0,14,1952
"DEN","2013-14",82,1890,869,132,123,122,46,100,38,77,75,3,0,0,21,1777
"MIL","2013-14",82,1713,833,99,122,130,33,147,31,144,162,3,0,0,16,1688
"PHI","2013-14",82,1844,945,111,98,101,70,83,49,28,27,2,0,0,25,1686
"PHX","2013-14",82,1798,871,88,97,122,39,113,47,75,88,4,0,0,14,1746
"POR","2013-14",82,1576,790,91,137,97,35,127,41,38,51,2,0,0,14,1696
"TOR","2013-14",82,1882,820,165,139,140,42,126,68,93,83,1,0,0,20,1810
"CLE","2018-19",82,1642,729,107,114,97,29,116,43,0,0,3,0,0,7,1590
"ATL","2001-02",82,1702,822,89,0,126,0,0,0,0,0,4,0,0,28,0
"BOS","2001-02",82,1776,814,136,0,141,0,0,0,0,0,4,0,0,59,0
"CLE","2001-02",82,1752,827,148,0,196,0,0,0,0,0,2,0,0,38,0
"CHI","2001-02",82,1834,832,111,0,172,0,0,0,0,0,5,0,0,27,0
"DAL","2001-02",82,1842,875,133,0,111,0,1,0,0,0,0,0,0,37,1
"DEN","2001-02",82,1873,846,134,0,163,0,0,0,0,0,4,0,0,30,0
"GSW","2001-02",82,1884,806,162,0,204,0,0,0,0,0,2,0,0,36,0
"HOU","2001-02",82,1476,686,97,0,133,0,0,0,0,0,1,0,0,22,0
"ATL","2018-19",82,1932,938,111,96,108,45,125,45,0,0,4,0,0,25,1816
"PHX","2018-19",82,1932,918,104,87,112,49,107,34,0,0,2,0,0,21,1694
"DET","2018-19",82,1811,782,86,77,143,37,100,54,0,0,5,0,0,13,1748
"LAL","2012-13",82,1467,689,99,134,97,42,79,27,30,47,3,0,0,24,1888
"BOS","2012-13",81,1717,794,92,90,113,48,83,52,77,70,6,0,0,28,1571
"HOU","2012-13",82,1662,728,100,80,94,72,88,54,48,55,2,0,0,17,1671
"MIA","2012-13",82,1533,763,97,84,82,49,68,84,39,23,3,0,0,8,1666
"MIL","2012-13",82,1554,807,70,109,88,36,156,53,42,41,6,0,0,12,1567
"MIN","2012-13",82,1509,721,65,103,94,46,169,55,49,56,3,0,0,11,1842
"LAC","2012-13",82,1716,784,112,106,107,49,91,33,49,42,7,0,0,30,1708
"CHA","2018-19",82,1550,742,88,109,95,36,103,49,0,0,0,0,0,20,1681
"BOS","2011-12",66,1315,632,85,66,97,28,75,43,47,46,2,0,0,27,1217
"CLE","2011-12",66,1317,628,79,84,96,42,88,43,26,32,1,0,0,16,1380
"MIL","2011-12",66,1273,635,68,87,68,19,143,41,21,14,2,0,0,20,1278
"IND","2011-12",66,1430,697,98,92,83,56,76,33,49,46,1,0,0,17,1426
"PHI","2011-12",66,1157,613,57,61,53,32,61,32,12,18,2,0,0,30,1070
"PHX","2011-12",66,1233,613,58,80,66,35,90,65,60,58,3,0,0,23,1291
"WAS","2011-12",66,1405,677,83,67,103,52,69,57,34,39,0,0,0,23,1230
"DET","2011-12",66,1293,663,56,95,65,48,78,50,24,19,1,0,0,10,1282
"LAC","2001-02",82,1624,723,97,0,177,0,0,0,0,0,3,0,0,32,0
"LAL","2001-02",82,1822,763,122,0,141,0,0,0,0,0,2,0,0,36,0
"MIA","2001-02",82,1846,780,130,0,169,0,0,0,0,0,3,0,0,56,0
"MIL","2001-02",82,1788,805,134,0,193,0,0,0,0,0,5,0,0,34,0
"MIN","2001-02",82,1739,771,144,0,180,0,0,0,0,0,6,0,0,45,0
"BKN","2001-02",82,1734,754,131,0,160,0,1,0,0,0,2,0,0,14,1
"NYK","2001-02",82,1800,832,155,0,148,0,0,0,0,0,6,0,0,20,0
"SAC","2001-02",82,1560,741,94,0,144,0,0,0,0,0,4,0,0,27,0
"SAS","2001-02",82,1575,677,123,0,152,0,0,0,0,0,4,0,0,27,0
"OKC","2001-02",82,1732,749,137,0,172,0,0,0,0,0,0,0,0,41,0
"TOR","2001-02",82,1771,837,110,0,151,0,0,0,0,0,0,0,0,22,0
"MEM","2001-02",82,1571,754,78,0,135,0,0,0,0,0,5,0,0,30,0
"WAS","2001-02",82,1763,731,127,0,150,0,0,0,0,0,4,0,0,11,0
"DET","2001-02",82,1695,732,75,0,167,0,0,0,0,0,4,0,0,17,0
"CHA","2001-02",82,1746,808,157,0,188,0,2,0,0,0,3,0,0,41,2
"ORL","2001-02",82,1700,808,97,0,117,0,0,0,0,0,4,0,0,48,0
"UTA","2001-02",82,1971,880,121,0,167,0,0,0,0,0,4,0,0,35,0
"IND","2001-02",82,1876,794,152,0,228,0,1,0,0,0,0,0,0,28,1
"PHI","2001-02",82,1645,693,118,0,165,0,0,0,0,0,3,0,0,64,0
"PHX","2001-02",82,1785,769,153,0,161,0,0,0,0,0,4,0,0,40,0
"POR","2001-02",82,1613,695,116,0,151,0,0,0,0,0,5,0,0,31,0
"MIL","2005-06",82,1902,892,95,124,177,0,209,0,0,0,1,0,0,30,1932
"MIN","2005-06",82,1889,822,105,84,200,0,146,0,0,0,1,0,0,34,1733
"BKN","2005-06",82,1903,871,114,113,160,0,195,0,0,0,1,0,0,45,1886
"NYK","2005-06",82,2157,938,103,90,283,0,179,0,0,0,1,0,0,30,2044
"ORL","2005-06",82,1908,930,78,115,188,0,165,0,0,0,1,0,0,42,1899
"IND","2005-06",82,1821,848,130,128,218,0,119,0,0,0,3,0,0,26,1799
"PHI","2005-06",82,1712,883,129,95,113,0,173,0,0,0,5,0,0,41,1898
"PHX","2005-06",82,1683,831,83,100,126,0,255,0,0,0,2,0,0,31,1619
"POR","2005-06",82,1828,752,90,95,183,0,134,0,0,0,4,0,0,34,1696
"SAC","2005-06",82,1672,738,100,127,132,0,186,0,0,0,3,0,0,23,1868
"DEN","2010-11",82,1719,839,100,128,138,42,104,14,46,74,4,0,0,34,1861
"GSW","2010-11",82,1806,961,87,90,97,44,107,40,38,44,2,0,0,40,1511
"LAC","2010-11",82,1733,905,102,143,103,79,79,73,56,48,0,0,0,38,1808
"ORL","2010-11",82,1640,795,90,108,125,40,105,52,31,14,2,0,0,53,1788
"SAC","2010-11",82,1805,885,124,106,100,104,102,67,42,50,2,0,0,38,1722
"OKC","2010-11",82,1836,919,114,99,106,94,64,59,55,52,3,0,0,27,1763
"TOR","2010-11",82,1807,917,106,90,76,83,71,54,59,88,2,0,0,44,1619
"UTA","2010-11",82,1865,957,95,117,93,75,121,69,29,29,3,0,0,16,1799
"MEM","2010-11",82,1705,811,105,117,94,51,104,57,20,28,2,0,0,28,1750
"CHI","2018-19",82,1663,763,86,81,105,49,95,35,0,0,3,0,0,17,1532
"POR","2018-19",82,1669,810,90,121,135,39,108,21,0,0,2,0,0,16,1697
"IND","2009-10",82,1848,1000,113,98,133,0,185,0,0,0,5,0,0,42,1708
"PHI","2004-05",82,1878,947,126,0,136,0,0,0,0,0,4,0,0,52,0
"LAL","2018-19",82,1701,779,90,108,114,53,109,39,0,0,2,0,0,30,1706
"NOP","2019-20",72,1524,762,67,97,99,63,109,40,0,0,1,0,0,14,1519
"TOR","2019-20",72,1559,680,110,71,98,60,68,58,0,0,2,0,0,24,1466
"LAC","2019-20",72,1594,753,61,82,113,37,96,63,0,0,1,0,0,13,1647
"CHI","2019-20",65,1417,688,63,64,85,36,99,63,0,0,1,0,0,15,1245
"BOS","2019-20",72,1553,740,91,106,106,32,92,62,0,0,1,0,0,8,1485
"SAC","2019-20",72,1595,718,97,84,109,35,142,27,0,0,0,0,0,10,1404
"OKC","2019-20",72,1390,615,90,95,90,44,107,48,0,0,1,0,0,7,1640
"DET","2019-20",66,1299,600,69,69,85,40,83,25,0,0,1,0,0,5,1307
"WAS","2007-08",82,1606,785,81,92,120,0,122,0,0,0,4,0,0,35,1656
"MEM","2007-08",82,1592,778,69,118,162,0,200,0,0,0,1,0,0,25,1841
"DET","2007-08",82,1688,879,98,124,144,0,88,0,0,0,1,0,0,17,1613
"PHI","2007-08",82,1620,748,131,125,140,0,122,0,0,0,1,0,0,24,1707
"PHX","2007-08",82,1633,827,88,65,155,0,173,0,0,0,1,0,0,29,1728
"POR","2007-08",82,1642,799,107,100,160,0,181,0,0,0,2,0,0,44,1650
"SAC","2007-08",82,1839,972,121,118,167,0,166,0,0,0,6,0,0,37,1887
"SAS","2007-08",82,1537,699,102,81,115,0,155,0,0,0,5,0,0,21,1619
"OKC","2007-08",82,1680,913,107,106,157,0,110,0,0,0,3,0,0,24,1608
"NOP","2014-15",82,1530,764,89,122,89,49,72,19,57,61,3,0,0,18,1532
"CHI","2014-15",82,1495,737,91,109,69,41,70,68,39,33,4,0,0,11,1736
"DAL","2014-15",82,1645,795,112,131,80,40,148,90,125,145,2,0,0,13,1812
"DEN","2014-15",82,1882,863,123,118,131,37,100,31,68,67,4,0,0,19,1696
"BOS","2014-15",82,1738,763,121,126,86,50,125,50,87,82,2,0,0,7,1538
"UTA","2014-15",82,1583,764,89,83,95,51,81,18,33,33,1,0,0,10,1604
"MEM","2014-15",82,1567,683,127,119,96,36,95,33,45,33,1,0,0,6,1659
"WAS","2014-15",82,1707,830,114,97,151,19,138,29,52,59,6,0,0,9,1607
"BOS","2016-17",82,1686,833,119,116,77,35,108,65,76,72,1,0,0,23,1661
"GSW","2016-17",82,1585,825,89,110,91,34,59,32,32,41,3,0,0,20,1587
"HOU","2016-17",82,1634,783,131,91,63,54,109,93,89,62,1,0,0,17,1670
"LAC","2016-17",82,1626,810,103,119,72,25,81,60,55,76,2,0,0,21,1835
"LAL","2016-17",82,1698,876,104,69,104,48,84,27,41,54,2,0,0,18,1518
"MIA","2016-17",82,1680,821,104,104,82,42,112,29,74,59,2,0,0,11,1525
"MIL","2016-17",82,1660,824,97,88,68,62,59,44,92,85,0,0,0,31,1578
"MIN","2016-17",82,1646,821,105,92,86,56,78,39,79,78,0,0,0,11,1680
"BKN","2016-17",82,1726,832,113,79,93,67,76,46,63,80,4,0,0,23,1668
"NYK","2016-17",82,1668,819,136,123,104,24,77,15,50,38,2,0,0,22,1515
"ORL","2016-17",82,1584,808,95,113,79,32,79,30,41,53,1,0,0,17,1532
"IND","2016-17",82,1597,862,75,79,70,44,77,73,85,87,3,0,0,20,1599
"PHI","2016-17",82,1793,912,91,110,90,80,85,45,85,81,5,0,0,16,1609
"PHX","2016-17",82,2030,929,121,115,140,69,121,48,117,124,4,0,0,29,1818
"POR","2016-17",82,1736,955,123,91,80,49,101,28,58,77,0,0,0,24,1623
"SAC","2016-17",82,1667,823,103,95,89,41,84,44,54,73,3,0,0,9,1642
"SAS","2016-17",82,1498,750,88,89,66,29,115,39,66,63,3,0,0,11,1621
"OKC","2016-17",82,1715,881,119,153,88,56,66,33,72,81,2,0,0,12,1692
"TOR","2016-17",82,1708,795,118,105,104,52,82,41,84,90,2,0,0,21,1663
"UTA","2016-17",82,1545,740,111,103,95,42,93,11,41,27,5,0,0,20,1652
"MEM","2016-17",82,1840,881,122,121,94,42,87,51,43,40,3,0,0,19,1705
"WAS","2016-17",82,1745,844,105,110,125,42,95,47,71,58,2,0,0,22,1620
"DET","2016-17",82,1467,770,69,109,77,28,65,38,40,26,0,0,0,28,1430
"CHA","2016-17",82,1360,703,94,90,81,33,98,52,53,49,0,0,0,13,1630
"LAL","2006-07",82,1889,943,114,109,172,0,159,0,0,0,4,0,0,44,1914
"MIL","2006-07",82,1821,876,109,100,158,0,208,0,0,0,3,0,0,37,1717
"BKN","2006-07",82,1869,922,110,135,162,0,241,0,0,0,4,0,0,71,1885
"NYK","2006-07",82,1932,850,111,94,272,0,146,0,0,0,2,0,0,34,1875
"ORL","2006-07",82,1904,937,82,118,178,0,153,0,0,0,2,0,0,39,1920
"IND","2006-07",82,1912,930,143,138,193,0,233,0,0,0,1,0,0,35,1941
"SAC","2006-07",82,1792,849,121,113,170,0,166,0,0,0,4,0,0,31,1989
"OKC","2006-07",82,1801,884,121,87,176,0,105,0,0,0,1,0,0,36,1633
"TOR","2006-07",82,1672,823,85,99,153,0,217,0,0,0,2,0,0,29,1784
"UTA","2006-07",82,2067,990,115,130,184,0,221,0,0,0,4,0,0,28,2008
"WAS","2006-07",82,1823,883,100,105,193,0,184,0,0,0,1,0,0,24,1927
"DET","2006-07",82,1672,832,112,110,150,0,119,0,0,0,1,0,0,17,1667
"CHA","2006-07",82,1985,963,119,130,170,0,167,0,0,0,3,0,0,41,1785
"DET","2013-14",82,1666,812,107,104,55,64,93,27,23,42,2,0,0,16,1699
"CHA","2013-14",82,1493,699,108,113,67,36,167,50,52,44,1,0,0,25,1713
"UTA","2013-14",82,1699,841,82,107,113,50,99,18,32,38,2,0,0,12,1670
"MEM","2013-14",82,1568,718,137,114,101,50,87,39,25,25,3,0,0,15,1551
"WAS","2013-14",82,1675,795,92,91,120,32,137,51,50,32,2,0,0,12,1597
"LAC","2013-14",82,1767,864,110,153,119,37,106,41,40,43,2,0,0,22,1918
"LAL","2013-14",82,1626,856,91,107,70,42,98,34,57,43,5,0,0,12,1580
"MIA","2013-14",82,1596,776,75,93,81,45,78,74,39,41,4,0,0,17,1673
"ATL","2013-14",82,1577,763,93,108,96,51,80,57,49,40,4,0,0,21,1642
"CLE","2013-14",82,1640,736,128,109,90,47,79,42,42,63,3,0,0,21,1598
"NOP","2013-14",82,1857,900,119,89,109,63,101,40,54,52,3,0,0,21,1664
"CHI","2013-14",82,1565,728,114,99,124,46,128,51,21,32,5,0,0,25,1711
"DAL","2013-14",82,1636,902,103,100,81,35,103,63,56,59,1,0,0,21,1632
"GSW","2013-14",82,1784,832,107,91,154,37,132,56,26,30,4,0,0,29,1583
"HOU","2013-14",82,1676,766,118,116,116,57,94,63,64,64,2,0,0,39,1991
"BOS","2013-14",82,1743,833,112,121,132,49,103,52,84,78,3,0,0,18,1564
"BKN","2013-14",82,1777,819,107,91,118,32,102,35,28,42,0,0,0,31,1703
"NYK","2013-14",82,1815,833,100,93,128,20,131,17,48,27,1,0,0,7,1609
"SAS","2013-14",82,1495,752,94,88,103,40,121,42,69,52,3,0,0,14,1584
"MIN","2013-14",82,1504,702,82,124,88,30,132,55,46,38,2,0,0,13,1935
"ORL","2013-14",82,1678,803,115,90,114,54,99,26,33,46,4,0,0,29,1499
"OKC","2013-14",82,1858,792,134,113,123,51,110,33,70,38,4,0,0,36,1669
"IND","2013-14",82,1675,761,123,132,154,65,134,51,62,61,2,0,0,9,1790
"SAC","2013-14",82,1849,848,139,114,131,59,89,66,32,41,2,0,0,19,1895
"BOS","2006-07",82,1971,970,110,86,214,0,142,0,0,0,8,0,0,41,1757
"CLE","2006-07",82,1781,894,113,95,168,0,196,0,0,0,0,0,0,30,1801
"NOP","2006-07",82,1620,769,105,130,168,0,155,0,0,0,1,0,0,43,1732
"CHI","2006-07",82,1908,879,79,96,206,0,257,0,0,0,2,0,0,37,1899
"DAL","2006-07",82,1837,948,108,117,150,0,210,0,0,0,2,0,0,45,1809
"DEN","2006-07",82,1756,802,143,132,203,0,182,0,0,0,3,0,0,34,1945
"GSW","2006-07",82,1933,1036,115,117,151,0,242,0,0,0,0,0,0,44,1832
"HOU","2006-07",82,1710,832,122,93,139,0,148,0,0,0,3,0,0,53,1628
"NOP","2004-05",82,1883,830,145,0,165,0,0,0,0,0,1,0,0,19,0
"CHI","2004-05",82,2028,889,120,0,225,0,1,0,0,0,2,0,0,41,1
"DAL","2004-05",82,1827,895,89,0,157,0,0,0,0,0,0,0,0,23,0
"DEN","2004-05",82,1878,848,116,0,157,0,0,0,0,0,0,0,0,22,0
"GSW","2004-05",82,1833,784,123,0,148,0,0,0,0,0,1,0,0,25,0
"HOU","2004-05",82,1807,845,99,0,144,0,0,0,0,0,4,0,0,34,0
"LAC","2004-05",82,1819,850,110,0,191,0,0,0,0,0,2,0,0,26,0
"LAL","2004-05",82,1793,754,141,0,188,0,0,0,0,0,1,0,0,35,0
"MIA","2004-05",82,1814,804,129,0,137,0,0,0,0,0,2,0,0,46,0
"MIL","2004-05",82,1797,812,132,0,155,0,0,0,0,0,3,0,0,20,0
"MIN","2004-05",82,1774,755,126,0,164,0,1,0,0,0,2,0,0,26,1
"BKN","2004-05",82,1984,867,140,0,171,0,0,0,0,0,3,0,0,45,0
"NYK","2004-05",82,1942,904,104,0,200,0,0,0,0,0,5,0,0,10,0
"ORL","2004-05",82,1937,931,116,0,196,0,0,0,0,0,2,0,0,21,0
"IND","2004-05",82,1890,890,127,0,203,0,1,0,0,0,1,0,0,21,1
"PHX","2004-05",82,1563,770,82,0,118,0,0,0,0,0,3,0,0,21,0
"SAC","2004-05",82,1685,855,98,0,114,0,0,0,0,0,7,0,0,9,0
"SAS","2004-05",82,1717,835,140,0,130,0,0,0,0,0,1,0,0,14,0
"OKC","2004-05",82,1943,842,174,0,234,0,0,0,0,0,2,0,0,27,0
"TOR","2004-05",82,1876,935,99,0,191,0,1,0,0,0,1,0,0,20,1
"UTA","2004-05",82,2189,993,129,0,202,0,0,0,0,0,2,0,0,19,0
"MEM","2004-05",82,1910,858,128,0,185,0,0,0,0,0,1,0,0,26,0
"WAS","2004-05",82,1807,833,97,0,184,0,0,0,0,0,1,0,0,22,0
"DET","2004-05",82,1638,715,88,0,147,0,1,0,0,0,2,0,0,11,1
"CHA","2004-05",82,1894,922,107,0,159,0,0,0,0,0,4,0,0,12,0
"OKC","2005-06",82,1933,894,140,104,189,0,126,0,0,0,2,0,0,26,1814
"ATL","2005-06",82,2054,976,107,79,210,0,186,0,0,0,3,0,0,34,1849
"BOS","2005-06",82,2033,1002,124,80,187,0,138,0,0,0,5,0,0,47,1835
"CLE","2005-06",82,1733,807,106,97,171,0,153,0,0,0,2,0,0,33,1841
"NOP","2005-06",82,1786,787,104,102,177,0,196,0,0,0,2,0,0,26,1910
"SAS","2005-06",82,1714,827,92,83,135,0,175,0,0,0,1,0,0,28,1685
"ATL","2017-18",82,1606,736,100,104,94,56,128,80,52,48,1,0,0,26,1659
"CHI","2017-18",82,1571,726,66,90,67,62,64,26,33,27,1,0,0,23,1423
"MIL","2017-18",82,1752,792,86,73,64,56,50,44,27,29,2,0,0,18,1633
"LAC","2020-21",72,1383,657,72,66,95,22,79,33,0,0,1,0,0,18,1303
"LAL","2020-21",72,1377,654,69,97,95,40,115,85,0,0,0,0,0,5,1529
"BKN","2020-21",72,1371,721,86,69,75,19,59,47,0,0,3,0,0,11,1360
"MIL","2020-21",72,1244,613,78,48,90,57,62,29,0,0,1,0,0,15,1320
"PHI","2020-21",72,1456,705,76,77,122,39,81,27,0,0,2,0,0,7,1508
"WAS","2020-21",72,1555,795,66,66,84,44,130,80,0,0,2,0,0,16,1585
"CLE","2020-21",72,1308,660,57,73,73,30,93,31,0,0,2,0,0,10,1450
"PHX","2020-21",72,1374,693,73,63,89,25,99,31,0,0,1,0,0,12,1294
"ORL","2020-21",72,1237,621,52,65,76,27,76,36,0,0,0,0,0,6,1339
"MIA","2020-21",72,1363,656,80,69,114,38,55,68,0,0,1,0,0,14,1411
"GSW","2020-21",72,1526,793,59,84,91,40,106,48,0,0,5,0,0,7,1406
"MEM","2020-21",72,1349,717,74,73,68,39,58,16,0,0,0,0,0,14,1318
"NYK","2020-21",72,1473,674,93,63,85,35,75,16,0,0,2,0,0,9,1286
"MIN","2020-21",72,1507,743,83,72,85,44,114,25,0,0,2,0,0,10,1430
"ATL","2020-21",72,1392,666,71,64,95,28,55,21,0,0,0,0,0,9,1421
"DEN","2020-21",72,1373,699,65,75,71,34,72,25,0,0,1,0,0,11,1377
"CHI","2020-21",72,1362,720,66,69,66,39,84,44,0,0,3,0,0,4,1276
"NOP","2020-21",72,1295,676,61,73,81,59,71,37,0,0,2,0,0,8,1533
"SAC","2020-21",72,1400,707,65,61,87,28,71,31,0,0,2,0,0,9,1347
"BOS","2020-21",72,1471,712,83,75,89,31,77,62,0,0,0,0,0,3,1389
"DAL","2020-21",72,1396,716,68,78,73,21,115,40,0,0,1,0,0,5,1442
"SAS","2020-21",72,1293,700,40,59,61,37,76,28,0,0,2,0,0,1,1338
"IND","2015-16",82,1641,825,96,81,101,59,88,64,82,100,1,0,0,6,1673
"UTA","2015-16",82,1655,731,110,84,106,48,71,17,47,48,6,0,0,29,1626
"BOS","2015-16",82,1796,830,127,122,92,48,135,48,105,87,1,0,0,30,1713
"CLE","2015-16",82,1666,772,95,114,106,27,105,40,43,42,4,0,0,7,1683
"NOP","2015-16",82,1713,818,99,118,83,38,95,33,73,60,3,0,0,20,1625
"CHI","2015-16",82,1545,798,87,93,62,47,57,45,37,32,3,0,0,18,1534
"DAL","2015-16",82,1595,761,97,117,79,28,153,45,110,140,1,0,0,28,1754
"DEN","2015-16",82,1723,801,130,117,109,38,93,32,69,86,3,0,0,25,1706
"GSW","2015-16",82,1701,861,97,99,108,15,90,31,34,29,2,0,0,24,1623
"HOU","2015-16",82,1790,737,103,100,89,54,79,53,82,71,3,0,0,34,1843
"LAC","2015-16",82,1746,795,100,137,85,26,93,34,59,50,5,0,0,32,1840
"LAL","2015-16",82,1662,853,112,102,97,28,67,14,38,46,2,0,0,15,1568
"MIA","2015-16",82,1502,747,97,94,81,39,66,42,48,45,2,0,0,28,1608
"MIL","2015-16",82,1695,805,85,70,97,31,93,33,83,71,1,0,0,37,1598
"MIN","2015-16",82,1696,762,94,61,102,56,114,29,45,64,2,0,0,16,1766
"BKN","2015-16",82,1476,682,81,74,88,32,85,37,41,34,1,0,0,22,1510
"NYK","2015-16",82,1616,800,89,81,119,17,89,11,26,33,1,0,0,27,1518
"ORL","2015-16",82,1701,835,64,93,93,48,80,42,66,42,1,0,0,30,1494
"PHI","2015-16",82,1780,921,95,65,67,63,94,45,80,71,5,0,0,16,1571
"PHX","2015-16",82,1858,873,93,104,117,43,103,47,85,102,2,0,0,33,1766
"POR","2015-16",82,1782,901,92,85,111,41,90,27,51,51,1,0,0,15,1594
"SAC","2015-16",82,1676,788,92,109,88,47,86,61,70,61,3,0,0,17,1797
"SAS","2015-16",82,1433,681,85,77,70,26,119,28,47,43,2,0,0,24,1597
"OKC","2015-16",82,1691,835,114,127,107,38,81,22,54,58,3,0,0,11,1644
"TOR","2015-16",82,1610,735,108,135,101,44,84,33,66,89,4,0,0,37,1798
"CHA","2020-21",72,1298,604,69,70,78,44,67,54,0,0,3,0,0,21,1337
"IND","2020-21",72,1453,707,91,89,62,44,78,21,0,0,3,0,0,9,1305
"POR","2020-21",72,1362,748,51,92,87,41,70,23,0,0,1,0,0,8,1373
"TOR","2020-21",72,1526,703,76,59,90,52,90,43,0,0,3,0,0,16,1402
"DET","2020-21",72,1477,670,69,79,91,47,96,39,0,0,1,0,0,11,1469
"POR","2004-05",82,1703,732,99,0,161,0,0,0,0,0,2,0,0,30,0
"OKC","2020-21",72,1305,666,60,46,80,49,104,24,0,0,0,0,0,18,1336
"UTA","2020-21",72,1335,586,90,66,84,32,82,18,0,0,2,0,0,15,1365
"DET","2012-13",82,1623,789,87,100,82,60,79,70,29,29,4,0,0,11,1629
"CHA","2012-13",82,1560,773,67,111,88,37,113,37,28,54,3,0,0,18,1745
"PHI","2012-13",82,1505,782,65,85,80,43,91,34,24,22,1,0,0,17,1329
"PHX","2012-13",82,1688,756,93,84,96,48,93,67,63,51,3,0,0,24,1508
"POR","2012-13",82,1518,744,91,98,81,44,75,62,25,29,3,0,0,9,1534
"SAC","2012-13",82,1717,795,112,101,68,66,62,39,30,36,7,0,0,15,1632
"SAS","2012-13",82,1427,727,89,83,62,54,103,44,61,45,0,0,0,10,1563
"OKC","2012-13",82,1654,704,94,108,108,55,69,47,57,48,0,0,0,29,1694
"TOR","2012-13",82,1836,863,123,99,130,44,89,50,73,52,6,0,0,21,1648
"UTA","2012-13",82,1750,805,65,100,125,41,111,24,19,27,3,0,0,16,1667
"MEM","2012-13",82,1660,736,144,129,90,41,88,65,26,32,3,0,0,9,1635
"WAS","2012-13",82,1681,785,108,73,137,40,118,46,33,31,2,0,0,15,1567
"NOP","2012-13",82,1673,736,119,100,105,47,102,42,57,57,2,0,0,16,1532
"CHI","2012-13",82,1617,744,90,92,102,43,101,37,18,28,4,0,0,24,1604
"DAL","2012-13",82,1698,900,83,93,68,36,85,42,62,46,4,0,0,16,1545
"DEN","2012-13",82,1682,755,130,97,109,49,86,37,76,77,4,0,0,31,1775
"GSW","2012-13",82,1753,822,114,79,110,55,97,52,39,31,5,0,0,25,1570
"BKN","2012-13",82,1500,674,94,97,103,35,106,37,25,31,4,0,0,21,1748
"NYK","2012-13",82,1650,759,100,92,116,19,118,25,19,25,0,0,0,14,1573
"ORL","2012-13",82,1591,758,108,84,108,40,93,30,29,42,5,0,0,35,1348
"IND","2012-13",81,1622,729,122,106,121,74,100,38,53,52,4,0,0,21,1768
"CLE","2012-13",82,1737,846,110,121,79,66,96,72,51,52,1,0,0,14,1611
"ATL","2011-12",66,1178,591,81,77,64,37,69,52,37,38,3,0,0,11,1262
"NOP","2011-12",66,1324,610,85,94,103,53,79,25,54,53,2,0,0,35,1234
"CHI","2011-12",66,1139,575,79,79,58,46,50,35,30,29,1,0,0,25,1163
"DAL","2011-12",66,1226,629,66,98,57,28,54,35,31,37,1,0,0,29,1209
"DEN","2011-12",66,1297,576,90,90,128,32,121,23,65,75,2,0,0,40,1451
"MIN","2011-12",66,1212,614,80,86,68,54,108,48,36,30,1,0,0,19,1434
"BKN","2011-12",66,1268,638,74,89,89,30,81,35,24,15,1,0,0,19,1274
"NYK","2011-12",66,1391,632,79,93,113,29,115,26,11,20,1,0,0,27,1431
"ORL","2011-12",66,1168,567,54,81,100,26,84,39,32,23,2,0,0,22,1307
"POR","2011-12",66,1251,606,85,85,79,54,99,50,28,22,0,0,0,16,1305
"SAC","2011-12",66,1287,634,105,90,49,64,59,70,32,37,2,0,0,18,1312
"SAS","2011-12",66,1143,561,88,66,65,41,67,59,40,52,1,0,0,19,1243
"OKC","2011-12",66,1352,634,76,76,100,66,51,36,34,42,0,0,0,18,1320
"TOR","2011-12",66,1532,718,107,61,118,59,59,45,52,45,2,0,0,22,1209
"UTA","2011-12",66,1441,731,55,59,56,64,73,57,25,34,3,0,0,12,1365
"MEM","2011-12",66,1316,625,92,94,57,51,61,54,38,28,4,0,0,19,1275
"CHA","2011-12",66,1249,663,64,79,90,32,110,34,23,29,3,0,0,13,1338
"HOU","2020-21",72,1407,735,76,79,70,42,96,45,0,0,1,0,0,8,1387
"MIL","2010-11",82,1682,832,105,98,124,33,181,55,34,25,4,0,0,37,1693
"HOU","2010-11",82,1641,815,89,99,89,55,103,79,43,36,3,0,0,21,1754
"LAL","2010-11",82,1555,680,119,75,102,46,103,39,56,43,2,0,0,28,1697
"MIN","2010-11",82,1825,897,102,119,103,68,105,78,40,27,5,0,0,26,1714
"BKN","2010-11",82,1807,893,125,106,109,61,102,61,42,26,4,0,0,37,1635
"NYK","2010-11",82,1743,895,92,74,121,53,125,33,27,38,3,0,0,35,1702
"IND","2010-11",82,1782,942,102,106,93,66,92,96,72,39,2,0,0,31,1754
"PHI","2010-11",82,1592,874,78,94,73,34,110,31,21,25,1,0,0,31,1544
"PHX","2010-11",82,1666,846,95,119,83,58,108,107,65,44,0,0,0,36,1740
"POR","2010-11",82,1585,762,99,84,87,28,157,72,45,38,4,0,0,32,1740
"MIA","2010-11",82,1674,812,107,95,132,50,96,53,25,33,2,0,0,34,1785
"ATL","2010-11",82,1554,789,89,109,94,53,82,69,24,18,2,0,0,24,1516
"BOS","2010-11",82,1678,830,95,66,125,52,72,80,63,60,0,0,0,56,1657
"CLE","2010-11",82,1648,829,83,119,82,68,114,55,36,45,2,0,0,31,1746
"NOP","2010-11",82,1719,747,155,101,152,58,103,35,45,66,2,0,0,53,1673
"CHI","2010-11",82,1639,833,120,74,113,60,103,45,34,44,3,0,0,35,1643
"DAL","2010-11",82,1575,811,91,126,97,35,117,44,34,33,4,0,0,41,1647
"SAS","2010-11",82,1556,770,112,108,89,67,104,61,56,72,1,0,0,28,1700
"WAS","2010-11",82,1850,927,87,81,121,74,109,56,37,48,3,0,0,34,1662
"DET","2010-11",82,1629,840,66,101,100,41,93,47,25,12,3,0,0,18,1544
"CHA","2010-11",82,1637,824,98,80,126,54,111,45,35,36,5,0,0,22,1730
"WAS","2009-10",82,1752,915,64,87,167,0,159,0,0,0,5,0,0,30,1682
"DET","2009-10",82,1822,834,98,120,151,0,139,0,0,0,2,0,0,27,1701
"CHA","2009-10",82,1597,731,91,105,182,0,161,0,0,0,5,0,0,29,1799
"ATL","2009-10",82,1632,821,110,91,127,0,106,0,0,0,3,0,0,10,1580
"BOS","2009-10",82,1816,877,85,82,201,0,126,0,0,0,4,0,0,46,1772
"CLE","2009-10",82,1591,828,102,90,146,0,123,0,0,0,2,0,0,36,1706
"NOP","2009-10",82,1606,796,118,110,135,0,130,0,0,0,6,0,0,30,1596
"CHI","2009-10",82,1648,846,98,107,145,0,120,0,0,0,5,0,0,30,1641
"DAL","2009-10",82,1563,839,68,117,122,0,152,0,0,0,4,0,0,30,1650
"DEN","2009-10",82,1844,929,124,141,172,0,115,0,0,0,4,0,0,24,1941
"GSW","2009-10",82,1886,1015,76,103,136,0,190,0,0,0,2,0,0,32,1757
"HOU","2009-10",82,1712,839,129,108,157,0,252,0,0,0,1,0,0,15,1838
"LAC","2009-10",82,1581,860,91,94,139,0,113,0,0,0,4,0,0,26,1584
"LAL","2009-10",82,1592,726,113,114,159,0,127,0,0,0,1,0,0,29,1732
"MIA","2009-10",82,1710,920,110,87,152,0,161,0,0,0,4,0,0,34,1635
"MIL","2009-10",82,1823,980,113,116,131,0,223,0,0,0,1,0,0,34,1662
"MIN","2009-10",82,1699,837,99,83,156,0,152,0,0,0,5,0,0,47,1683
"BKN","2009-10",82,1643,906,71,77,133,0,138,0,0,0,3,0,0,26,1646
"NYK","2009-10",82,1638,835,85,64,148,0,185,0,0,0,4,0,0,33,1575
"ORL","2009-10",82,1629,785,93,99,178,0,119,0,0,0,2,0,0,46,1814
"PHI","2009-10",82,1677,841,91,86,110,0,122,0,0,0,5,0,0,39,1533
"PHX","2009-10",82,1713,910,92,98,138,0,176,0,0,0,2,0,0,41,1785
"POR","2009-10",82,1715,753,122,112,156,0,193,0,0,0,2,0,0,34,1763
"SAC","2009-10",82,1827,913,135,113,161,0,148,0,0,0,6,0,0,30,1650
"SAS","2009-10",82,1669,817,107,89,146,0,147,0,0,0,0,0,0,25,1670
"OKC","2009-10",82,1743,920,98,88,190,0,159,0,0,0,1,0,0,28,1753
"TOR","2009-10",82,1819,908,101,95,157,0,144,0,0,0,5,0,0,48,1727
"UTA","2009-10",82,1859,1007,95,94,166,0,159,0,0,0,3,0,0,14,1816
"MEM","2009-10",82,1655,829,117,141,150,0,120,0,0,0,1,0,0,25,1839
"ATL","2008-09",82,1610,773,92,97,142,0,104,0,0,0,2,0,0,17,1679
"NYK","2008-09",82,1672,835,83,93,132,0,139,0,0,0,3,0,0,24,1591
"ORL","2008-09",82,1664,816,99,98,161,0,110,0,0,0,0,0,0,29,1836
"IND","2008-09",82,1895,1043,104,74,142,0,158,0,0,0,4,0,0,57,1687
"PHI","2008-09",82,1650,761,118,100,157,0,149,0,0,0,2,0,0,25,1786
"PHX","2008-09",82,1691,885,100,89,154,0,173,0,0,0,4,0,0,46,1875
"POR","2008-09",82,1671,736,87,106,147,0,149,0,0,0,3,0,0,43,1730
"SAC","2008-09",82,1910,1045,94,95,137,0,149,0,0,0,5,0,0,23,1735
"SAS","2008-09",82,1546,721,107,93,103,0,140,0,0,0,2,0,0,18,1508
"OKC","2008-09",82,1655,860,74,63,163,0,141,0,0,0,1,0,0,18,1654
"TOR","2008-09",82,1593,752,82,88,150,0,154,0,0,0,2,0,0,33,1640
"DET","2008-09",82,1712,886,86,95,155,0,122,0,0,0,2,0,0,17,1611
"CHA","2008-09",82,1754,800,119,81,174,0,179,0,0,0,2,0,0,20,1712
"BOS","2008-09",82,1897,852,109,97,234,0,161,0,0,0,5,0,0,54,1814
"CLE","2008-09",82,1663,824,99,95,120,0,168,0,0,0,4,0,0,22,1663
"NOP","2008-09",82,1665,751,129,105,154,0,123,0,0,0,1,0,0,31,1672
"UTA","2008-09",82,1830,936,101,99,141,0,191,0,0,0,0,0,0,18,1969
"CHI","2008-09",82,1709,895,81,87,148,0,145,0,0,0,3,0,0,27,1706
"MEM","2008-09",82,1777,865,92,105,155,0,151,0,0,0,1,0,0,29,1784
"WAS","2008-09",82,1679,842,63,67,122,0,103,0,0,0,3,0,0,28,1637
"DAL","2008-09",82,1600,858,84,114,118,0,119,0,0,0,2,0,0,23,1644
"DEN","2008-09",82,1874,892,98,141,175,0,132,0,0,0,2,0,0,28,1938
"GSW","2008-09",82,1842,944,106,109,137,0,172,0,0,0,5,0,0,31,1926
"HOU","2008-09",82,1553,757,118,80,155,0,157,0,0,0,1,0,0,34,1688
"LAC","2008-09",82,1650,896,90,105,136,0,92,0,0,0,4,0,0,20,1608
"LAL","2008-09",82,1698,799,92,116,111,0,131,0,0,0,3,0,0,29,1814
"MIA","2008-09",82,1696,866,106,94,122,0,166,0,0,0,2,0,0,41,1631
"MIL","2008-09",82,1986,999,111,111,139,0,216,0,0,0,3,0,0,35,1836
"MIN","2008-09",82,1785,910,94,116,142,0,140,0,0,0,1,0,0,27,1641
"CHA","2007-08",82,1777,907,116,91,161,0,128,0,0,0,2,0,0,33,1719
"BOS","2007-08",82,1864,883,114,88,196,0,177,0,0,0,4,0,0,50,1817
"CLE","2007-08",82,1712,892,101,74,157,0,124,0,0,0,1,0,0,18,1660
"NOP","2007-08",82,1531,690,101,118,153,0,96,0,0,0,1,0,0,22,1570
"CHI","2007-08",82,1784,948,94,96,134,0,185,0,0,0,0,0,0,27,1744
"DAL","2007-08",82,1786,945,106,114,138,0,152,0,0,0,5,0,0,31,1738
"DEN","2007-08",82,1731,842,113,128,157,0,147,0,0,0,0,0,0,30,1945
"GSW","2007-08",82,1875,985,89,116,126,0,193,0,0,0,2,0,0,30,1733
"HOU","2007-08",82,1609,843,116,95,111,0,146,0,0,0,1,0,0,28,1612
"LAL","2007-08",82,1691,815,91,103,126,0,152,0,0,0,5,0,0,28,1848
"MIA","2007-08",82,1670,883,88,72,102,0,151,0,0,0,2,0,0,46,1650
"MIL","2007-08",82,1748,903,88,83,139,0,187,0,0,0,3,0,0,24,1725
"MIN","2007-08",82,1885,940,102,56,166,0,110,0,0,0,3,0,0,32,1434
"IND","2007-08",82,1921,1000,101,92,167,0,209,0,0,0,4,0,0,70,1781
"TOR","2007-08",82,1596,761,63,94,132,0,139,0,0,0,1,0,0,24,1508
"UTA","2007-08",82,1970,1029,96,116,175,0,183,0,0,0,5,0,0,22,1888
"BKN","2007-08",82,1855,936,102,112,150,0,153,0,0,0,6,0,0,37,1834
"NYK","2007-08",82,1761,904,105,76,171,0,119,0,0,0,2,0,0,24,1664
"ORL","2007-08",82,1688,827,103,107,153,0,145,0,0,0,2,0,0,39,1896
"MIA","2006-07",82,1749,832,116,97,183,0,208,0,0,0,2,0,0,76,1789
"PHI","2006-07",82,1671,837,108,120,165,0,195,0,0,0,1,0,0,42,1800
"MIN","2006-07",82,1758,820,86,106,184,0,139,0,0,0,1,0,0,46,1679
"PHX","2006-07",82,1659,825,95,100,166,0,265,0,0,0,0,0,0,24,1758
"POR","2006-07",82,1931,857,117,111,226,0,112,0,0,0,4,0,0,45,1749
"SAS","2006-07",82,1587,769,107,86,149,0,182,0,0,0,2,0,0,28,1738
"MEM","2006-07",82,1827,888,112,112,186,0,177,0,0,0,5,0,0,41,1991
"ATL","2006-07",82,1970,979,86,87,205,0,163,0,0,0,5,0,0,24,1850
"LAC","2006-07",82,1858,883,107,118,206,0,108,0,0,0,5,0,0,33,1829
"GSW","2005-06",82,1941,844,130,124,190,0,215,0,0,0,1,0,0,43,1917
"TOR","2005-06",82,1965,935,110,93,189,0,217,0,0,0,5,0,0,26,1832
"UTA","2005-06",82,2032,998,107,116,192,0,249,0,0,0,4,0,0,33,2102
"MEM","2005-06",82,1757,803,102,127,154,0,182,0,0,0,4,0,0,28,1862
"WAS","2005-06",82,1855,904,91,123,191,0,212,0,0,0,3,0,0,20,2052
"DET","2005-06",82,1513,714,64,146,121,0,137,0,0,0,1,0,0,11,1706
"CHA","2005-06",82,1960,904,111,131,165,0,191,0,0,0,1,0,0,38,1926
"CHI","2005-06",82,2038,977,123,124,200,0,271,0,0,0,3,0,0,60,1880
"DAL","2005-06",82,1834,919,96,122,165,0,156,0,0,0,3,0,0,36,1935
"DEN","2005-06",82,1863,824,114,119,178,0,178,0,0,0,1,0,0,37,1908
"HOU","2005-06",82,1863,843,119,97,156,0,104,0,0,0,0,0,0,42,1714
"LAC","2005-06",82,1872,904,105,97,178,0,114,0,0,0,2,0,0,29,1777
"LAL","2005-06",82,1894,816,155,109,188,0,156,0,0,0,0,0,0,40,1924
"MIA","2005-06",82,1871,839,121,96,189,0,169,0,0,0,4,0,0,49,1937
"BOS","2017-18",82,1618,766,104,85,98,48,80,62,20,17,2,0,0,11,1568
"ATL","2012-13",82,1473,723,80,85,69,46,103,70,33,33,1,0,0,9,1541
"GSW","2014-15",82,1628,876,81,94,113,32,97,66,38,24,3,0,0,16,1539
"HOU","2014-15",82,1803,787,153,126,102,79,103,57,83,64,4,0,0,21,1727
"LAC","2014-15",82,1749,849,120,129,92,30,86,36,47,62,3,0,0,17,1761
"LAL","2014-15",82,1741,910,138,87,107,30,88,20,44,67,4,0,0,7,1588
"MIA","2014-15",82,1636,815,98,114,76,39,109,64,55,77,1,0,0,11,1710
"MIL","2014-15",82,1814,777,117,119,131,51,127,47,146,134,2,0,0,31,1641
"MIN","2014-15",82,1571,771,95,109,89,46,111,48,58,39,0,0,0,12,1750
"BKN","2014-15",82,1579,761,96,85,98,42,101,30,38,33,2,0,0,11,1640
"NYK","2014-15",82,1768,815,116,117,128,17,116,22,45,41,2,0,0,11,1560
"DET","2014-15",82,1559,688,97,80,97,47,80,52,34,35,1,0,0,11,1584
"CHA","2014-15",82,1494,718,113,155,94,32,131,45,42,43,1,0,0,17,1705
"GSW","2024-25",82,1571,788,90,95,103,26,58,48,0,0,0,6,4,12,1521
"MIA","2024-25",82,1275,709,58,91,64,22,85,21,0,0,0,5,2,7,1390
"IND","2024-25",82,1533,825,83,89,96,30,108,23,0,0,0,1,5,9,1540
"MEM","2024-25",82,1711,876,145,113,96,27,124,24,0,0,1,5,6,11,1652
"ATL","2024-25",82,1564,850,104,87,61,23,93,34,0,0,0,3,4,12,1562
"CHA","2024-25",82,1535,748,114,115,121,15,94,24,0,0,1,5,4,14,1486
"DET","2024-25",82,1695,835,130,108,103,27,106,26,0,0,0,3,5,15,1547
"MIL","2024-25",82,1469,754,80,78,111,24,83,20,0,0,0,2,0,18,1550
"PHI","2024-25",82,1556,785,98,110,86,40,73,29,0,0,0,5,4,10,1530
"CLE","2019-20",65,1188,537,58,77,74,32,99,36,0,0,0,0,0,4,1275
"PHX","2019-20",73,1609,755,86,81,98,44,156,51,0,0,2,0,0,9,1652
"UTA","2019-20",72,1468,646,101,90,118,49,108,27,0,0,2,0,0,13,1499
"NOP","2024-25",82,1499,819,91,85,74,26,61,20,0,0,0,4,6,6,1471
"BOS","2024-25",82,1303,679,95,111,91,23,59,19,0,0,0,8,4,7,1438
"DAL","2024-25",82,1458,813,95,81,81,34,84,17,0,0,0,3,7,11,1532
"NYK","2024-25",82,1407,739,92,86,81,26,100,42,0,0,1,3,3,8,1554
"SAC","2024-25",82,1548,840,97,87,95,21,101,32,0,0,0,4,5,10,1515
"LAL","2019-20",71,1471,672,114,103,95,44,95,49,0,0,1,0,0,6,1542
"MIA","2019-20",73,1501,746,87,70,114,43,81,50,0,0,0,0,0,13,1584
"MIN","2019-20",64,1370,698,62,87,76,46,79,43,0,0,0,0,0,7,1382
"BKN","2019-20",72,1510,687,111,103,129,29,105,37,0,0,0,0,0,18,1518
"IND","2019-20",73,1443,680,109,94,99,42,140,34,0,0,2,0,0,7,1371
"PHI","2019-20",73,1529,748,88,78,123,47,98,28,0,0,0,0,0,16,1493
"SAS","2019-20",71,1377,695,56,57,93,33,100,51,0,0,3,0,0,8,1424
"MEM","2019-20",73,1546,775,104,76,100,46,107,30,0,0,1,0,0,19,1474
"WAS","2019-20",72,1634,782,93,108,100,41,127,88,0,0,1,0,0,14,1599
"CHA","2019-20",65,1223,538,65,89,97,30,92,47,0,0,1,0,0,16,1336
"DAL","2019-20",75,1462,683,76,97,94,41,95,43,0,0,1,0,0,5,1600
"DEN","2019-20",73,1485,699,81,81,87,59,88,38,0,0,1,0,0,13,1494
"MIN","2021-22",82,1786,857,103,116,119,42,107,50,0,0,1,0,0,24,1709
"CHA","2021-22",82,1629,745,101,73,73,40,119,34,0,0,0,0,0,18,1608
"OKC","2021-22",82,1497,773,72,62,66,38,103,23,0,0,1,0,0,12,1460
"BOS","2021-22",82,1521,732,87,78,101,25,104,43,0,0,1,0,0,11,1592
"MIL","2021-22",82,1494,725,102,88,83,50,97,26,0,0,1,0,0,14,1609
"CLE","2021-22",82,1433,703,60,75,71,30,103,41,0,0,4,0,0,7,1638
"ATL","2007-08",82,1673,865,81,93,167,0,114,0,0,0,1,0,0,13,1792
"LAC","2007-08",82,1745,902,78,99,148,0,122,0,0,0,3,0,0,18,1772
"HOU","2021-22",82,1692,842,99,104,97,48,149,62,0,0,6,0,0,16,1810
"LAC","2017-18",82,1638,789,93,119,59,33,82,60,42,55,5,0,0,20,1802
"LAL","2017-18",82,1735,791,128,89,98,80,88,37,54,38,0,0,0,17,1674
"MIA","2017-18",82,1648,819,93,87,88,59,87,56,49,38,1,0,0,6,1584
"MIN","2017-18",82,1495,738,105,81,82,54,85,54,32,44,1,0,0,13,1709
"BKN","2017-18",82,1688,823,94,87,102,61,98,44,46,47,2,0,0,19,1615
"NYK","2017-18",82,1682,791,110,99,100,45,79,32,14,16,1,0,0,20,1507
"ORL","2017-18",82,1579,798,58,95,76,63,68,71,35,25,3,0,0,8,1553
"IND","2017-18",82,1544,704,92,95,77,61,86,54,54,82,1,0,0,12,1512
"PHI","2017-18",82,1811,898,113,73,85,62,71,45,26,19,1,0,0,14,1666
"PHX","2017-18",82,1807,802,100,117,120,56,81,28,61,94,5,0,0,21,1715
"POR","2017-18",82,1599,807,96,117,91,44,103,22,33,39,1,0,0,11,1563
"SAC","2017-18",82,1639,780,75,90,78,38,83,33,31,21,2,0,0,10,1420
"SAS","2017-18",82,1408,693,84,99,51,30,104,39,40,35,2,0,0,7,1616
"OKC","2017-18",82,1653,697,112,124,111,37,92,40,59,39,2,0,0,20,1747
"TOR","2017-18",82,1783,789,104,81,81,75,57,85,56,69,1,0,0,14,1630
"UTA","2017-18",82,1608,730,92,88,73,45,114,27,39,36,3,0,0,13,1681
"MEM","2017-18",82,1900,866,105,97,78,58,108,66,18,22,1,0,0,10,1674
"WAS","2017-18",82,1746,820,74,88,128,34,88,67,33,24,2,0,0,14,1635
"DET","2017-18",82,1508,657,97,71,81,38,59,63,26,17,1,0,0,21,1508
"CHA","2017-18",82,1409,655,86,102,101,31,120,46,14,13,3,0,0,17,1837
"CLE","2017-18",82,1524,714,100,110,90,37,91,51,36,35,0,0,0,9,1694
"NOP","2017-18",82,1570,732,80,111,64,58,73,59,29,34,1,0,0,8,1667
"DAL","2017-18",82,1578,737,87,95,55,26,117,69,85,84,0,0,0,10,1604
"DEN","2017-18",82,1533,715,80,79,58,54,64,63,67,49,3,0,0,14,1699
"GSW","2017-18",82,1607,796,82,85,71,58,44,43,17,15,2,0,0,15,1516
"HOU","2017-18",82,1597,693,120,85,95,48,52,41,35,51,1,0,0,17,1670
"GSW","2011-12",66,1410,719,72,61,53,53,50,34,21,28,2,0,0,18,1094
"HOU","2011-12",66,1347,621,114,84,80,46,83,56,57,40,0,0,0,24,1214
"LAC","2011-12",66,1399,623,129,139,94,37,76,26,24,27,3,0,0,30,1399
"LAL","2011-12",66,1107,515,92,74,74,17,75,13,30,31,1,0,0,24,1329
"MIA","2011-12",66,1282,628,91,55,84,34,106,49,24,14,2,0,0,23,1356
"MIA","2021-22",82,1679,803,100,96,143,36,110,107,0,0,0,0,0,16,1684
"NYK","2021-22",82,1672,778,93,90,104,37,95,27,0,0,1,0,0,11,1670
"POR","2021-22",82,1728,846,95,88,103,27,79,39,0,0,5,0,0,9,1587
"ATL","2021-22",82,1534,695,101,80,69,16,87,47,0,0,3,0,0,8,1665
"DEN","2021-22",82,1639,778,60,80,123,35,82,39,0,0,2,0,0,12,1628
"TOR","2021-22",82,1607,745,106,107,76,60,90,32,0,0,1,0,0,13,1561
"WAS","2021-22",82,1545,816,68,81,72,42,105,32,0,0,1,0,0,17,1634
"SAC","2021-22",82,1552,754,97,87,106,42,125,27,0,0,0,0,0,9,1665
"NOP","2021-22",82,1612,745,83,83,126,46,104,30,0,0,1,0,0,16,1680
"PHI","2021-22",82,1590,784,73,66,77,51,74,22,0,0,1,0,0,15,1593
"BKN","2021-22",82,1670,803,88,94,103,25,89,43,0,0,5,0,0,13,1615
"SAS","2021-22",82,1483,788,60,104,89,35,109,37,0,0,4,0,0,10,1552
"UTA","2021-22",82,1547,665,84,117,109,26,77,10,0,0,4,0,0,21,1663
"PHX","2021-22",82,1633,797,97,74,118,20,105,21,0,0,4,0,0,25,1553
"ORL","2021-22",82,1612,794,101,97,101,35,110,42,0,0,1,0,0,15,1500
"CHI","2021-22",82,1540,802,65,90,80,43,87,23,0,0,0,0,0,5,1489
"DET","2021-22",82,1799,873,108,85,124,48,102,48,0,0,3,0,0,12,1622
"DAL","2021-22",82,1612,747,106,102,114,30,104,51,0,0,1,0,0,12,1644
"LAC","2021-22",82,1528,690,94,93,90,29,99,38,0,0,8,0,0,18,1515
"MEM","2021-22",82,1620,807,112,98,119,36,81,13,0,0,3,0,0,20,1625
"LAL","2021-22",82,1654,819,78,93,96,34,78,50,0,0,2,0,0,11,1646
"IND","2021-22",82,1675,778,89,102,101,42,117,15,0,0,5,0,0,11,1575
"BOS","2022-23",82,1542,805,85,88,129,30,134,47,0,0,1,10,2,3,1567
"GSW","2022-23",82,1757,852,134,98,142,31,128,38,0,0,1,9,6,14,1510
"PHI","2022-23",82,1675,883,81,66,117,58,58,42,0,0,1,8,3,17,1607
"MIN","2022-23",82,1768,918,108,95,121,41,132,27,0,0,1,6,3,12,1653
"NYK","2022-23",82,1666,857,135,109,103,45,125,34,0,0,1,10,6,6,1694
"POR","2022-23",82,1643,881,80,114,115,53,99,44,0,0,0,8,6,9,1677
"NOP","2022-23",82,1678,897,104,88,145,49,83,50,0,0,0,3,11,11,1671
"SAC","2022-23",82,1616,856,119,96,107,31,141,56,0,0,3,2,7,16,1709
"OKC","2022-23",82,1722,922,94,75,85,43,163,118,0,0,2,2,6,21,1674
"ATL","2022-23",82,1541,879,93,77,96,24,113,49,0,0,1,7,12,12,1610
"DEN","2022-23",82,1525,850,77,106,111,34,110,22,0,0,1,11,9,14,1600
"LAL","2022-23",82,1466,793,76,103,97,47,106,60,0,0,1,3,8,17,1759
"MIA","2022-23",82,1516,805,99,107,110,34,95,90,0,0,0,7,2,11,1642
"IND","2022-23",82,1741,910,88,128,123,41,100,56,0,0,1,9,7,14,1659
"CHI","2022-23",82,1551,819,65,94,85,49,114,50,0,0,0,8,7,11,1537
"LAC","2022-23",82,1598,847,77,109,117,34,85,16,0,0,0,5,6,18,1606
"TOR","2022-23",82,1641,838,104,111,104,56,102,32,0,0,0,6,11,21,1602
"WAS","2022-23",82,1539,862,76,95,120,55,82,29,0,0,1,8,10,12,1590
"DET","2022-23",82,1813,925,101,114,122,44,122,27,0,0,2,6,12,12,1716
"CHA","2022-23",82,1661,861,83,96,136,40,135,10,0,0,1,9,9,10,1666
"DAL","2022-23",82,1697,909,111,121,129,33,134,40,0,0,0,10,4,16,1786
"BKN","2022-23",82,1730,893,93,77,122,28,126,19,0,0,0,4,9,8,1516
"PHX","2022-23",82,1739,936,100,100,138,22,171,23,0,0,2,7,12,8,1628
"SAS","2022-23",82,1630,940,97,81,114,43,114,39,0,0,0,8,4,7,1515
"UTA","2022-23",82,1679,902,86,98,143,45,128,28,0,0,2,7,7,14,1678
"HOU","2022-23",82,1679,894,108,91,116,45,96,40,0,0,1,6,7,8,1689
"ORL","2022-23",82,1652,852,99,100,108,52,107,42,0,0,1,5,6,24,1677
"CLE","2022-23",82,1560,802,95,75,83,24,162,51,0,0,0,11,5,23,1673
"MIL","2022-23",82,1481,779,91,74,129,46,108,14,0,0,0,11,3,22,1557
"MEM","2022-23",82,1643,856,142,115,131,42,125,26,0,0,1,6,12,11,1643
"GSW","2021-22",82,1723,814,124,103,122,35,84,31,0,0,3,0,0,13,1473
"CHI","2024-25",82,1444,838,88,81,57,27,59,12,0,0,2,5,2,3,1374
"DEN","2024-25",82,1444,820,70,90,72,37,43,11,0,0,3,7,6,3,1562
"OKC","2024-25",82,1631,890,133,76,66,19,126,63,0,0,0,3,7,10,1485
"WAS","2024-25",82,1618,867,70,100,100,21,76,21,0,0,2,5,4,15,1489
"DEN","2023-24",82,1489,846,62,88,86,47,50,16,0,0,0,7,9,16,1465
"GSW","2023-24",82,1598,844,115,91,115,23,72,80,0,0,0,2,5,18,1471
"PHX","2023-24",82,1475,774,91,104,99,35,88,22,0,0,1,7,7,25,1611
"MIA","2023-24",82,1415,753,96,94,79,24,80,40,0,0,0,2,3,18,1549
"ATL","2023-24",82,1522,809,101,77,85,22,111,52,0,0,0,12,3,23,1593
"CHI","2023-24",82,1541,796,89,88,66,33,104,37,0,0,1,4,3,25,1538
"LAC","2023-24",82,1519,773,93,79,97,34,68,22,0,0,2,9,4,13,1536
"LAL","2023-24",82,1283,719,64,91,85,33,93,33,0,0,1,6,4,18,1618
"MIN","2023-24",82,1544,789,103,101,99,39,111,18,0,0,1,7,7,18,1629
"NYK","2023-24",82,1447,754,99,96,84,44,97,51,0,0,0,3,4,15,1565
"IND","2023-24",82,1756,968,80,91,112,38,123,24,0,0,0,1,7,13,1500
"POR","2023-24",82,1654,892,119,88,90,48,113,32,0,0,0,5,2,26,1467
"MEM","2023-24",82,1563,796,91,123,116,29,124,39,0,0,0,5,9,21,1539
"CHA","2023-24",82,1472,791,85,76,128,18,111,51,0,0,0,2,3,19,1432
"SAC","2023-24",82,1632,835,82,98,97,22,98,33,0,0,2,6,5,18,1504
"DAL","2023-24",82,1500,813,86,106,94,22,129,56,0,0,0,5,5,25,1667
"DET","2023-24",82,1688,893,98,83,114,30,96,16,0,0,2,4,8,20,1457
"TOR","2023-24",82,1509,719,92,64,91,48,98,29,0,0,1,6,6,19,1487
"OKC","2023-24",82,1545,853,109,77,60,38,125,61,0,0,0,0,6,24,1548
"BOS","2023-24",82,1326,677,81,89,108,33,79,16,0,0,1,6,7,11,1414
"MIL","2023-24",82,1574,763,97,84,91,36,65,23,0,0,0,6,6,32,1575
"CLE","2023-24",82,1436,776,86,98,76,22,97,32,0,0,2,1,1,23,1534
"HOU","2023-24",82,1702,883,105,89,83,43,106,26,0,0,2,1,3,17,1607
"BKN","2023-24",82,1516,756,114,101,109,25,88,9,0,0,1,12,4,30,1494
"SAS","2023-24",82,1414,763,85,92,72,28,111,26,0,0,0,4,1,8,1470
"UTA","2023-24",82,1523,816,79,100,124,33,87,23,0,0,2,6,2,9,1577
"ORL","2023-24",82,1618,802,80,122,114,34,119,41,0,0,1,6,9,22,1706
"PHI","2023-24",82,1668,844,76,84,91,43,70,27,0,0,2,5,8,15,1519
"WAS","2023-24",82,1637,887,65,84,88,41,95,33,0,0,1,6,6,15,1473
"NOP","2023-24",82,1508,771,111,75,117,35,62,32,0,0,1,4,3,19,1504
"CLE","2024-25",82,1487,755,128,90,66,16,89,25,0,0,1,2,7,15,1552
"HOU","2024-25",82,1557,765,109,159,84,45,67,27,0,0,0,6,4,4,1574
"TOR","2024-25",82,1738,906,110,84,84,27,111,34,0,0,1,2,3,9,1483
"UTA","2024-25",82,1549,824,93,99,111,24,70,22,0,0,0,2,2,8,1578
"LAC","2024-25",82,1503,787,87,86,102,23,64,8,0,0,1,4,1,9,1458
"LAL","2024-25",82,1415,780,103,92,79,20,66,47,0,0,1,5,4,9,1573
"MIN","2024-25",82,1498,766,95,118,79,33,129,23,0,0,1,2,5,8,1568
"BKN","2024-25",82,1698,828,108,108,109,31,93,38,0,0,1,5,3,20,1549
"ORL","2024-25",82,1648,823,100,125,90,35,131,27,0,0,1,7,4,6,1666
"PHX","2024-25",82,1471,826,79,83,101,18,86,13,0,0,1,6,2,11,1507
"POR","2024-25",82,1558,833,92,100,82,36,112,46,0,0,0,3,6,13,1579
"SAS","2024-25",82,1363,708,82,91,60,29,54,9,0,0,0,2,4,11,1428